clipName_FEA,clipName_NEU
1022_IWW_FEA_XX,1022_IWW_NEU_XX
1001_TIE_FEA_XX,1001_TIE_NEU_XX
1058_ITS_FEA_XX,1058_ITS_NEU_XX
1070_WSI_FEA_XX,1070_WSI_NEU_XX
1052_DFA_FEA_XX,1052_DFA_NEU_XX
1028_TAI_FEA_XX,1028_TAI_NEU_XX
1064_TSI_FEA_XX,1064_TSI_NEU_XX
1083_IEO_FEA_MD,1083_IEO_NEU_XX
1040_IWL_FEA_XX,1040_IWL_NEU_XX
1046_ITH_FEA_XX,1046_ITH_NEU_XX
1034_MTI_FEA_XX,1034_MTI_NEU_XX
1016_TIE_FEA_XX,1016_TIE_NEU_XX
1056_IEO_FEA_MD,1056_IEO_NEU_XX
1065_TIE_FEA_XX,1065_TIE_NEU_XX
1071_IOM_FEA_XX,1071_IOM_NEU_XX
1029_IEO_FEA_HI,1029_IEO_NEU_XX
1004_WSI_FEA_XX,1004_WSI_NEU_XX
1011_IEO_FEA_HI,1011_IEO_NEU_XX
1087_IEO_FEA_HI,1087_IEO_NEU_XX
1060_IEO_FEA_HI,1060_IEO_NEU_XX
1081_DFA_FEA_XX,1081_DFA_NEU_XX
1087_ITS_FEA_XX,1087_ITS_NEU_XX
1011_ITS_FEA_XX,1011_ITS_NEU_XX
1030_IEO_FEA_LO,1030_IEO_NEU_XX
1017_TSI_FEA_XX,1017_TSI_NEU_XX
1005_IWL_FEA_XX,1005_IWL_NEU_XX
1091_IEO_FEA_LO,1091_IEO_NEU_XX
1078_WSI_FEA_XX,1078_WSI_NEU_XX
1009_IOM_FEA_XX,1009_IOM_NEU_XX
1021_IWL_FEA_XX,1021_IWL_NEU_XX
1015_TAI_FEA_XX,1015_TAI_NEU_XX
1085_IWW_FEA_XX,1085_IWW_NEU_XX
1033_DFA_FEA_XX,1033_DFA_NEU_XX
1064_IEO_FEA_LO,1064_IEO_NEU_XX
1051_WSI_FEA_XX,1051_WSI_NEU_XX
1045_TSI_FEA_XX,1045_TSI_NEU_XX
1027_ITH_FEA_XX,1027_ITH_NEU_XX
1091_TAI_FEA_XX,1091_TAI_NEU_XX
1039_ITS_FEA_XX,1039_ITS_NEU_XX
1079_IOM_FEA_XX,1079_IOM_NEU_XX
1058_IWW_FEA_XX,1058_IWW_NEU_XX
1052_IOM_FEA_XX,1052_IOM_NEU_XX
1064_TAI_FEA_XX,1064_TAI_NEU_XX
1076_IWL_FEA_XX,1076_IWL_NEU_XX
1037_IEO_FEA_MD,1037_IEO_NEU_XX
1046_TIE_FEA_XX,1046_TIE_NEU_XX
1070_MTI_FEA_XX,1070_MTI_NEU_XX
1016_IEO_FEA_HI,1016_IEO_NEU_XX
1089_IEO_FEA_HI,1089_IEO_NEU_XX
1013_ITS_FEA_XX,1013_ITS_NEU_XX
1007_IWL_FEA_XX,1007_IWL_NEU_XX
1062_IEO_FEA_HI,1062_IEO_NEU_XX
1019_WSI_FEA_XX,1019_WSI_NEU_XX
1089_ITS_FEA_XX,1089_ITS_NEU_XX
1011_IEO_FEA_MD,1011_IEO_NEU_XX
1077_ITH_FEA_XX,1077_ITH_NEU_XX
1032_IEO_FEA_LO,1032_IEO_NEU_XX
1083_DFA_FEA_XX,1083_DFA_NEU_XX
1067_TIE_FEA_XX,1067_TIE_NEU_XX
1058_IEO_FEA_MD,1058_IEO_NEU_XX
1073_IOM_FEA_XX,1073_IOM_NEU_XX
1006_WSI_FEA_XX,1006_WSI_NEU_XX
1031_IEO_FEA_HI,1031_IEO_NEU_XX
1007_IOM_FEA_XX,1007_IOM_NEU_XX
1013_MTI_FEA_XX,1013_MTI_NEU_XX
1083_IEO_FEA_LO,1083_IEO_NEU_XX
1021_ITH_FEA_XX,1021_ITH_NEU_XX
1045_WSI_FEA_XX,1045_WSI_NEU_XX
1058_IEO_FEA_LO,1058_IEO_NEU_XX
1039_TSI_FEA_XX,1039_TSI_NEU_XX
1033_ITS_FEA_XX,1033_ITS_NEU_XX
1009_IWW_FEA_XX,1009_IWW_NEU_XX
1003_TIE_FEA_XX,1003_TIE_NEU_XX
1079_IWW_FEA_XX,1079_IWW_NEU_XX
1085_TAI_FEA_XX,1085_TAI_NEU_XX
1015_MTI_FEA_XX,1015_MTI_NEU_XX
1091_MTI_FEA_XX,1091_MTI_NEU_XX
1027_DFA_FEA_XX,1027_DFA_NEU_XX
1040_TIE_FEA_XX,1040_TIE_NEU_XX
1064_MTI_FEA_XX,1064_MTI_NEU_XX
1058_TAI_FEA_XX,1058_TAI_NEU_XX
1031_IEO_FEA_MD,1031_IEO_NEU_XX
1076_ITH_FEA_XX,1076_ITH_NEU_XX
1070_IWL_FEA_XX,1070_IWL_NEU_XX
1052_IWW_FEA_XX,1052_IWW_NEU_XX
1046_IOM_FEA_XX,1046_IOM_NEU_XX
1010_IEO_FEA_HI,1010_IEO_NEU_XX
1086_IEO_FEA_HI,1086_IEO_NEU_XX
1073_IEO_FEA_MD,1073_IEO_NEU_XX
1009_WSI_FEA_XX,1009_WSI_NEU_XX
1003_DFA_FEA_XX,1003_DFA_NEU_XX
1046_IEO_FEA_HI,1046_IEO_NEU_XX
1010_IOM_FEA_XX,1010_IOM_NEU_XX
1079_TSI_FEA_XX,1079_TSI_NEU_XX
1016_IWW_FEA_XX,1016_IWW_NEU_XX
1085_WSI_FEA_XX,1085_WSI_NEU_XX
1007_IEO_FEA_MD,1007_IEO_NEU_XX
1034_IEO_FEA_MD,1034_IEO_NEU_XX
1043_TIE_FEA_XX,1043_TIE_NEU_XX
1067_MTI_FEA_XX,1067_MTI_NEU_XX
1055_IWW_FEA_XX,1055_IWW_NEU_XX
1061_TAI_FEA_XX,1061_TAI_NEU_XX
1049_IOM_FEA_XX,1049_IOM_NEU_XX
1073_IWL_FEA_XX,1073_IWL_NEU_XX
1013_IEO_FEA_HI,1013_IEO_NEU_XX
1087_IWL_FEA_XX,1087_IWL_NEU_XX
1081_MTI_FEA_XX,1081_MTI_NEU_XX
1029_TSI_FEA_XX,1029_TSI_NEU_XX
1023_ITS_FEA_XX,1023_ITS_NEU_XX
1035_WSI_FEA_XX,1035_WSI_NEU_XX
1048_IEO_FEA_LO,1048_IEO_NEU_XX
1060_IWL_FEA_XX,1060_IWL_NEU_XX
1066_ITH_FEA_XX,1066_ITH_NEU_XX
1048_TAI_FEA_XX,1048_TAI_NEU_XX
1054_MTI_FEA_XX,1054_MTI_NEU_XX
1042_IWW_FEA_XX,1042_IWW_NEU_XX
1072_DFA_FEA_XX,1072_DFA_NEU_XX
1036_IOM_FEA_XX,1036_IOM_NEU_XX
1030_TIE_FEA_XX,1030_TIE_NEU_XX
1021_IEO_FEA_MD,1021_IEO_NEU_XX
1076_IEO_FEA_MD,1076_IEO_NEU_XX
1054_IEO_FEA_LO,1054_IEO_NEU_XX
1041_WSI_FEA_XX,1041_WSI_NEU_XX
1087_MTI_FEA_XX,1087_MTI_NEU_XX
1029_ITS_FEA_XX,1029_ITS_NEU_XX
1035_TSI_FEA_XX,1035_TSI_NEU_XX
1023_DFA_FEA_XX,1023_DFA_NEU_XX
1017_IWL_FEA_XX,1017_IWL_NEU_XX
1081_TAI_FEA_XX,1081_TAI_NEU_XX
1036_TIE_FEA_XX,1036_TIE_NEU_XX
1072_ITH_FEA_XX,1072_ITH_NEU_XX
1042_IOM_FEA_XX,1042_IOM_NEU_XX
1048_IWW_FEA_XX,1048_IWW_NEU_XX
1066_IWL_FEA_XX,1066_IWL_NEU_XX
1027_IEO_FEA_MD,1027_IEO_NEU_XX
1054_TAI_FEA_XX,1054_TAI_NEU_XX
1060_MTI_FEA_XX,1060_MTI_NEU_XX
1082_IEO_FEA_HI,1082_IEO_NEU_XX
1072_IOM_FEA_XX,1072_IOM_NEU_XX
1057_IEO_FEA_MD,1057_IEO_NEU_XX
1066_TIE_FEA_XX,1066_TIE_NEU_XX
1030_IEO_FEA_HI,1030_IEO_NEU_XX
1005_WSI_FEA_XX,1005_WSI_NEU_XX
1006_IOM_FEA_XX,1006_IOM_NEU_XX
1082_IEO_FEA_LO,1082_IEO_NEU_XX
1034_IEO_FEA_LO,1034_IEO_NEU_XX
1091_ITS_FEA_XX,1091_ITS_NEU_XX
1021_WSI_FEA_XX,1021_WSI_NEU_XX
1085_DFA_FEA_XX,1085_DFA_NEU_XX
1013_IEO_FEA_MD,1013_IEO_NEU_XX
1079_ITH_FEA_XX,1079_ITH_NEU_XX
1040_MTI_FEA_XX,1040_MTI_NEU_XX
1070_TSI_FEA_XX,1070_TSI_NEU_XX
1028_IWW_FEA_XX,1028_IWW_NEU_XX
1046_IWL_FEA_XX,1046_IWL_NEU_XX
1034_TAI_FEA_XX,1034_TAI_NEU_XX
1058_DFA_FEA_XX,1058_DFA_NEU_XX
1022_IOM_FEA_XX,1022_IOM_NEU_XX
1052_ITH_FEA_XX,1052_ITH_NEU_XX
1064_ITS_FEA_XX,1064_ITS_NEU_XX
1089_IEO_FEA_MD,1089_IEO_NEU_XX
1062_IEO_FEA_MD,1062_IEO_NEU_XX
1071_TIE_FEA_XX,1071_TIE_NEU_XX
1046_ITS_FEA_XX,1046_ITS_NEU_XX
1071_IEO_FEA_LO,1071_IEO_NEU_XX
1028_IWL_FEA_XX,1028_IWL_NEU_XX
1052_TSI_FEA_XX,1052_TSI_NEU_XX
1080_TIE_FEA_XX,1080_TIE_NEU_XX
1034_ITH_FEA_XX,1034_ITH_NEU_XX
1086_IOM_FEA_XX,1086_IOM_NEU_XX
1022_MTI_FEA_XX,1022_MTI_NEU_XX
1001_IWW_FEA_XX,1001_IWW_NEU_XX
1058_WSI_FEA_XX,1058_WSI_NEU_XX
1040_DFA_FEA_XX,1040_DFA_NEU_XX
1064_IEO_FEA_MD,1064_IEO_NEU_XX
1073_TIE_FEA_XX,1073_TIE_NEU_XX
1037_IEO_FEA_HI,1037_IEO_NEU_XX
1013_IEO_FEA_LO,1013_IEO_NEU_XX
1076_WSI_FEA_XX,1076_WSI_NEU_XX
1006_TSI_FEA_XX,1006_TSI_NEU_XX
1089_IEO_FEA_LO,1089_IEO_NEU_XX
1037_DFA_FEA_XX,1037_DFA_NEU_XX
1089_IWW_FEA_XX,1089_IWW_NEU_XX
1068_IEO_FEA_LO,1068_IEO_NEU_XX
1025_IWL_FEA_XX,1025_IWL_NEU_XX
1055_WSI_FEA_XX,1055_WSI_NEU_XX
1077_TIE_FEA_XX,1077_TIE_NEU_XX
1031_ITH_FEA_XX,1031_ITH_NEU_XX
1049_TSI_FEA_XX,1049_TSI_NEU_XX
1043_ITS_FEA_XX,1043_ITS_NEU_XX
1083_IOM_FEA_XX,1083_IOM_NEU_XX
1062_IWW_FEA_XX,1062_IWW_NEU_XX
1068_TAI_FEA_XX,1068_TAI_NEU_XX
1041_IEO_FEA_MD,1041_IEO_NEU_XX
1056_IOM_FEA_XX,1056_IOM_NEU_XX
1074_MTI_FEA_XX,1074_MTI_NEU_XX
1050_TIE_FEA_XX,1050_TIE_NEU_XX
1027_TAI_FEA_XX,1027_TAI_NEU_XX
1033_MTI_FEA_XX,1033_MTI_NEU_XX
1039_IWL_FEA_XX,1039_IWL_NEU_XX
1063_TSI_FEA_XX,1063_TSI_NEU_XX
1051_DFA_FEA_XX,1051_DFA_NEU_XX
1069_WSI_FEA_XX,1069_WSI_NEU_XX
1045_ITH_FEA_XX,1045_ITH_NEU_XX
1091_TIE_FEA_XX,1091_TIE_NEU_XX
1082_IEO_FEA_MD,1082_IEO_NEU_XX
1021_IWW_FEA_XX,1021_IWW_NEU_XX
1015_TIE_FEA_XX,1015_TIE_NEU_XX
1057_ITS_FEA_XX,1057_ITS_NEU_XX
1055_IEO_FEA_MD,1055_IEO_NEU_XX
1070_IOM_FEA_XX,1070_IOM_NEU_XX
1076_IWW_FEA_XX,1076_IWW_NEU_XX
1064_TIE_FEA_XX,1064_TIE_NEU_XX
1003_WSI_FEA_XX,1003_WSI_NEU_XX
1028_IEO_FEA_HI,1028_IEO_NEU_XX
1085_IEO_FEA_HI,1085_IEO_NEU_XX
1009_ITS_FEA_XX,1009_ITS_NEU_XX
1058_IEO_FEA_HI,1058_IEO_NEU_XX
1003_IWL_FEA_XX,1003_IWL_NEU_XX
1028_IEO_FEA_LO,1028_IEO_NEU_XX
1079_DFA_FEA_XX,1079_DFA_NEU_XX
1085_ITS_FEA_XX,1085_ITS_NEU_XX
1091_TSI_FEA_XX,1091_TSI_NEU_XX
1015_TSI_FEA_XX,1015_TSI_NEU_XX
1010_ITS_FEA_XX,1010_ITS_NEU_XX
1059_IEO_FEA_HI,1059_IEO_NEU_XX
1004_IWL_FEA_XX,1004_IWL_NEU_XX
1016_TSI_FEA_XX,1016_TSI_NEU_XX
1023_IWW_FEA_XX,1023_IWW_NEU_XX
1086_ITS_FEA_XX,1086_ITS_NEU_XX
1001_TSI_FEA_XX,1001_TSI_NEU_XX
1017_TIE_FEA_XX,1017_TIE_NEU_XX
1029_IEO_FEA_LO,1029_IEO_NEU_XX
1080_DFA_FEA_XX,1080_DFA_NEU_XX
1059_ITS_FEA_XX,1059_ITS_NEU_XX
1071_WSI_FEA_XX,1071_WSI_NEU_XX
1047_ITH_FEA_XX,1047_ITH_NEU_XX
1035_MTI_FEA_XX,1035_MTI_NEU_XX
1084_IEO_FEA_MD,1084_IEO_NEU_XX
1029_TAI_FEA_XX,1029_TAI_NEU_XX
1053_DFA_FEA_XX,1053_DFA_NEU_XX
1041_IWL_FEA_XX,1041_IWL_NEU_XX
1065_TSI_FEA_XX,1065_TSI_NEU_XX
1011_MTI_FEA_XX,1011_MTI_NEU_XX
1081_IEO_FEA_LO,1081_IEO_NEU_XX
1005_IOM_FEA_XX,1005_IOM_NEU_XX
1083_TAI_FEA_XX,1083_TAI_NEU_XX
1089_MTI_FEA_XX,1089_MTI_NEU_XX
1056_IEO_FEA_LO,1056_IEO_NEU_XX
1037_TSI_FEA_XX,1037_TSI_NEU_XX
1025_DFA_FEA_XX,1025_DFA_NEU_XX
1077_IWW_FEA_XX,1077_IWW_NEU_XX
1031_ITS_FEA_XX,1031_ITS_NEU_XX
1043_WSI_FEA_XX,1043_WSI_NEU_XX
1062_MTI_FEA_XX,1062_MTI_NEU_XX
1056_TAI_FEA_XX,1056_TAI_NEU_XX
1050_IWW_FEA_XX,1050_IWW_NEU_XX
1038_TIE_FEA_XX,1038_TIE_NEU_XX
1044_IOM_FEA_XX,1044_IOM_NEU_XX
1029_IEO_FEA_MD,1029_IEO_NEU_XX
1074_ITH_FEA_XX,1074_ITH_NEU_XX
1068_IWL_FEA_XX,1068_IWL_NEU_XX
1084_IEO_FEA_HI,1084_IEO_NEU_XX
1072_IEO_FEA_HI,1072_IEO_NEU_XX
1005_TAI_FEA_XX,1005_TAI_NEU_XX
1011_ITH_FEA_XX,1011_ITH_NEU_XX
1029_WSI_FEA_XX,1029_WSI_NEU_XX
1081_IWL_FEA_XX,1081_IWL_NEU_XX
1087_ITH_FEA_XX,1087_ITH_NEU_XX
1017_DFA_FEA_XX,1017_DFA_NEU_XX
1023_TSI_FEA_XX,1023_TSI_NEU_XX
1042_IEO_FEA_LO,1042_IEO_NEU_XX
1006_IEO_FEA_HI,1006_IEO_NEU_XX
1060_ITH_FEA_XX,1060_ITH_NEU_XX
1048_MTI_FEA_XX,1048_MTI_NEU_XX
1054_IWL_FEA_XX,1054_IWL_NEU_XX
1066_DFA_FEA_XX,1066_DFA_NEU_XX
1072_ITS_FEA_XX,1072_ITS_NEU_XX
1024_TIE_FEA_XX,1024_TIE_NEU_XX
1030_IOM_FEA_XX,1030_IOM_NEU_XX
1042_TAI_FEA_XX,1042_TAI_NEU_XX
1036_IWW_FEA_XX,1036_IWW_NEU_XX
1010_IWW_FEA_XX,1010_IWW_NEU_XX
1016_IEO_FEA_LO,1016_IEO_NEU_XX
1001_IEO_FEA_LO,1001_IEO_NEU_XX
1079_WSI_FEA_XX,1079_WSI_NEU_XX
1028_ITH_FEA_XX,1028_ITH_NEU_XX
1016_TAI_FEA_XX,1016_TAI_NEU_XX
1080_IOM_FEA_XX,1080_IOM_NEU_XX
1040_ITS_FEA_XX,1040_ITS_NEU_XX
1086_IWW_FEA_XX,1086_IWW_NEU_XX
1046_TSI_FEA_XX,1046_TSI_NEU_XX
1052_WSI_FEA_XX,1052_WSI_NEU_XX
1022_IWL_FEA_XX,1022_IWL_NEU_XX
1001_TAI_FEA_XX,1001_TAI_NEU_XX
1034_DFA_FEA_XX,1034_DFA_NEU_XX
1065_IEO_FEA_LO,1065_IEO_NEU_XX
1047_TIE_FEA_XX,1047_TIE_NEU_XX
1071_MTI_FEA_XX,1071_MTI_NEU_XX
1065_TAI_FEA_XX,1065_TAI_NEU_XX
1053_IOM_FEA_XX,1053_IOM_NEU_XX
1038_IEO_FEA_MD,1038_IEO_NEU_XX
1059_IWW_FEA_XX,1059_IWW_NEU_XX
1082_TAI_FEA_XX,1082_TAI_NEU_XX
1018_IWL_FEA_XX,1018_IWL_NEU_XX
1088_MTI_FEA_XX,1088_MTI_NEU_XX
1030_ITS_FEA_XX,1030_ITS_NEU_XX
1036_TSI_FEA_XX,1036_TSI_NEU_XX
1055_IEO_FEA_LO,1055_IEO_NEU_XX
1042_WSI_FEA_XX,1042_WSI_NEU_XX
1012_MTI_FEA_XX,1012_MTI_NEU_XX
1024_DFA_FEA_XX,1024_DFA_NEU_XX
1073_ITH_FEA_XX,1073_ITH_NEU_XX
1061_MTI_FEA_XX,1061_MTI_NEU_XX
1037_TIE_FEA_XX,1037_TIE_NEU_XX
1055_TAI_FEA_XX,1055_TAI_NEU_XX
1049_IWW_FEA_XX,1049_IWW_NEU_XX
1067_IWL_FEA_XX,1067_IWL_NEU_XX
1043_IOM_FEA_XX,1043_IOM_NEU_XX
1028_IEO_FEA_MD,1028_IEO_NEU_XX
1014_DFA_FEA_XX,1014_DFA_NEU_XX
1039_IEO_FEA_LO,1039_IEO_NEU_XX
1020_TSI_FEA_XX,1020_TSI_NEU_XX
1026_WSI_FEA_XX,1026_WSI_NEU_XX
1008_MTI_FEA_XX,1008_MTI_NEU_XX
1078_IWL_FEA_XX,1078_IWL_NEU_XX
1090_DFA_FEA_XX,1090_DFA_NEU_XX
1084_ITH_FEA_XX,1084_ITH_NEU_XX
1039_TAI_FEA_XX,1039_TAI_NEU_XX
1027_IOM_FEA_XX,1027_IOM_NEU_XX
1045_MTI_FEA_XX,1045_MTI_NEU_XX
1063_DFA_FEA_XX,1063_DFA_NEU_XX
1018_IEO_FEA_MD,1018_IEO_NEU_XX
1033_IWW_FEA_XX,1033_IWW_NEU_XX
1051_IWL_FEA_XX,1051_IWL_NEU_XX
1069_ITS_FEA_XX,1069_ITS_NEU_XX
1021_TIE_FEA_XX,1021_TIE_NEU_XX
1003_IEO_FEA_HI,1003_IEO_NEU_XX
1057_ITH_FEA_XX,1057_ITH_NEU_XX
1075_TSI_FEA_XX,1075_TSI_NEU_XX
1076_TIE_FEA_XX,1076_TIE_NEU_XX
1067_IEO_FEA_MD,1067_IEO_NEU_XX
1043_IEO_FEA_HI,1043_IEO_NEU_XX
1006_ITS_FEA_XX,1006_ITS_NEU_XX
1082_WSI_FEA_XX,1082_WSI_NEU_XX
1004_IEO_FEA_MD,1004_IEO_NEU_XX
1076_TSI_FEA_XX,1076_TSI_NEU_XX
1019_IEO_FEA_LO,1019_IEO_NEU_XX
1013_IWW_FEA_XX,1013_IWW_NEU_XX
1019_TAI_FEA_XX,1019_TAI_NEU_XX
1076_IEO_FEA_HI,1076_IEO_NEU_XX
1003_IWW_FEA_XX,1003_IWW_NEU_XX
1027_TSI_FEA_XX,1027_TSI_NEU_XX
1079_MTI_FEA_XX,1079_MTI_NEU_XX
1046_IEO_FEA_LO,1046_IEO_NEU_XX
1009_IWL_FEA_XX,1009_IWL_NEU_XX
1015_ITH_FEA_XX,1015_ITH_NEU_XX
1033_WSI_FEA_XX,1033_WSI_NEU_XX
1021_ITS_FEA_XX,1021_ITS_NEU_XX
1091_ITH_FEA_XX,1091_ITH_NEU_XX
1085_IWL_FEA_XX,1085_IWL_NEU_XX
1052_MTI_FEA_XX,1052_MTI_NEU_XX
1040_IWW_FEA_XX,1040_IWW_NEU_XX
1070_DFA_FEA_XX,1070_DFA_NEU_XX
1034_IOM_FEA_XX,1034_IOM_NEU_XX
1046_TAI_FEA_XX,1046_TAI_NEU_XX
1028_TIE_FEA_XX,1028_TIE_NEU_XX
1058_IWL_FEA_XX,1058_IWL_NEU_XX
1064_ITH_FEA_XX,1064_ITH_NEU_XX
1048_ITH_FEA_XX,1048_ITH_NEU_XX
1018_TIE_FEA_XX,1018_TIE_NEU_XX
1054_DFA_FEA_XX,1054_DFA_NEU_XX
1030_TAI_FEA_XX,1030_TAI_NEU_XX
1060_ITS_FEA_XX,1060_ITS_NEU_XX
1072_WSI_FEA_XX,1072_WSI_NEU_XX
1036_MTI_FEA_XX,1036_MTI_NEU_XX
1024_IWW_FEA_XX,1024_IWW_NEU_XX
1085_IEO_FEA_MD,1085_IEO_NEU_XX
1042_IWL_FEA_XX,1042_IWL_NEU_XX
1066_TSI_FEA_XX,1066_TSI_NEU_XX
1082_DFA_FEA_XX,1082_DFA_NEU_XX
1018_TSI_FEA_XX,1018_TSI_NEU_XX
1006_IWL_FEA_XX,1006_IWL_NEU_XX
1012_ITS_FEA_XX,1012_ITS_NEU_XX
1031_IEO_FEA_LO,1031_IEO_NEU_XX
1088_ITS_FEA_XX,1088_ITS_NEU_XX
1037_MTI_FEA_XX,1037_MTI_NEU_XX
1043_IWL_FEA_XX,1043_IWL_NEU_XX
1067_TSI_FEA_XX,1067_TSI_NEU_XX
1049_ITH_FEA_XX,1049_ITH_NEU_XX
1086_IEO_FEA_MD,1086_IEO_NEU_XX
1061_ITS_FEA_XX,1061_ITS_NEU_XX
1025_IWW_FEA_XX,1025_IWW_NEU_XX
1073_WSI_FEA_XX,1073_WSI_NEU_XX
1031_TAI_FEA_XX,1031_TAI_NEU_XX
1055_DFA_FEA_XX,1055_DFA_NEU_XX
1019_TIE_FEA_XX,1019_TIE_NEU_XX
1010_IEO_FEA_MD,1010_IEO_NEU_XX
1074_IOM_FEA_XX,1074_IOM_NEU_XX
1068_TIE_FEA_XX,1068_TIE_NEU_XX
1059_IEO_FEA_MD,1059_IEO_NEU_XX
1071_TAI_FEA_XX,1071_TAI_NEU_XX
1059_IOM_FEA_XX,1059_IOM_NEU_XX
1044_IEO_FEA_MD,1044_IEO_NEU_XX
1053_TIE_FEA_XX,1053_TIE_NEU_XX
1065_IWW_FEA_XX,1065_IWW_NEU_XX
1005_IEO_FEA_LO,1005_IEO_NEU_XX
1060_IWW_FEA_XX,1060_IWW_NEU_XX
1054_IOM_FEA_XX,1054_IOM_NEU_XX
1066_TAI_FEA_XX,1066_TAI_NEU_XX
1039_IEO_FEA_MD,1039_IEO_NEU_XX
1072_MTI_FEA_XX,1072_MTI_NEU_XX
1048_TIE_FEA_XX,1048_TIE_NEU_XX
1018_IEO_FEA_HI,1018_IEO_NEU_XX
1067_IEO_FEA_HI,1067_IEO_NEU_XX
1006_MTI_FEA_XX,1006_MTI_NEU_XX
1020_ITH_FEA_XX,1020_ITH_NEU_XX
1084_IEO_FEA_LO,1084_IEO_NEU_XX
1014_MTI_FEA_XX,1014_MTI_NEU_XX
1008_IOM_FEA_XX,1008_IOM_NEU_XX
1032_ITS_FEA_XX,1032_ITS_NEU_XX
1044_WSI_FEA_XX,1044_WSI_NEU_XX
1026_DFA_FEA_XX,1026_DFA_NEU_XX
1090_MTI_FEA_XX,1090_MTI_NEU_XX
1078_IWW_FEA_XX,1078_IWW_NEU_XX
1038_TSI_FEA_XX,1038_TSI_NEU_XX
1084_TAI_FEA_XX,1084_TAI_NEU_XX
1057_IEO_FEA_LO,1057_IEO_NEU_XX
1051_IWW_FEA_XX,1051_IWW_NEU_XX
1063_MTI_FEA_XX,1063_MTI_NEU_XX
1069_IWL_FEA_XX,1069_IWL_NEU_XX
1030_IEO_FEA_MD,1030_IEO_NEU_XX
1057_TAI_FEA_XX,1057_TAI_NEU_XX
1045_IOM_FEA_XX,1045_IOM_NEU_XX
1075_ITH_FEA_XX,1075_ITH_NEU_XX
1039_TIE_FEA_XX,1039_TIE_NEU_XX
1061_IEO_FEA_HI,1061_IEO_NEU_XX
1002_TAI_FEA_XX,1002_TAI_NEU_XX
1069_IEO_FEA_HI,1069_IEO_NEU_XX
1068_IEO_FEA_MD,1068_IEO_NEU_XX
1041_IEO_FEA_HI,1041_IEO_NEU_XX
1004_ITS_FEA_XX,1004_ITS_NEU_XX
1017_IEO_FEA_LO,1017_IEO_NEU_XX
1011_IWW_FEA_XX,1011_IWW_NEU_XX
1002_IEO_FEA_LO,1002_IEO_NEU_XX
1080_WSI_FEA_XX,1080_WSI_NEU_XX
1089_TSI_FEA_XX,1089_TSI_NEU_XX
1014_TIE_FEA_XX,1014_TIE_NEU_XX
1077_DFA_FEA_XX,1077_DFA_NEU_XX
1020_IWW_FEA_XX,1020_IWW_NEU_XX
1026_IEO_FEA_LO,1026_IEO_NEU_XX
1083_ITS_FEA_XX,1083_ITS_NEU_XX
1056_ITS_FEA_XX,1056_ITS_NEU_XX
1090_TIE_FEA_XX,1090_TIE_NEU_XX
1062_TSI_FEA_XX,1062_TSI_NEU_XX
1032_MTI_FEA_XX,1032_MTI_NEU_XX
1081_IEO_FEA_MD,1081_IEO_NEU_XX
1050_DFA_FEA_XX,1050_DFA_NEU_XX
1026_TAI_FEA_XX,1026_TAI_NEU_XX
1068_WSI_FEA_XX,1068_WSI_NEU_XX
1038_IWL_FEA_XX,1038_IWL_NEU_XX
1044_ITH_FEA_XX,1044_ITH_NEU_XX
1063_TIE_FEA_XX,1063_TIE_NEU_XX
1054_IEO_FEA_MD,1054_IEO_NEU_XX
1069_IOM_FEA_XX,1069_IOM_NEU_XX
1075_IWW_FEA_XX,1075_IWW_NEU_XX
1080_IEO_FEA_LO,1080_IEO_NEU_XX
1004_IOM_FEA_XX,1004_IOM_NEU_XX
1016_IWL_FEA_XX,1016_IWL_NEU_XX
1010_MTI_FEA_XX,1010_MTI_NEU_XX
1040_WSI_FEA_XX,1040_WSI_NEU_XX
1086_MTI_FEA_XX,1086_MTI_NEU_XX
1022_DFA_FEA_XX,1022_DFA_NEU_XX
1053_IEO_FEA_LO,1053_IEO_NEU_XX
1034_TSI_FEA_XX,1034_TSI_NEU_XX
1001_IWL_FEA_XX,1001_IWL_NEU_XX
1028_ITS_FEA_XX,1028_ITS_NEU_XX
1080_TAI_FEA_XX,1080_TAI_NEU_XX
1077_TSI_FEA_XX,1077_TSI_NEU_XX
1083_WSI_FEA_XX,1083_WSI_NEU_XX
1005_IEO_FEA_MD,1005_IEO_NEU_XX
1007_ITS_FEA_XX,1007_ITS_NEU_XX
1090_IWW_FEA_XX,1090_IWW_NEU_XX
1084_IOM_FEA_XX,1084_IOM_NEU_XX
1050_TSI_FEA_XX,1050_TSI_NEU_XX
1038_DFA_FEA_XX,1038_DFA_NEU_XX
1020_MTI_FEA_XX,1020_MTI_NEU_XX
1078_TIE_FEA_XX,1078_TIE_NEU_XX
1044_ITS_FEA_XX,1044_ITS_NEU_XX
1032_ITH_FEA_XX,1032_ITH_NEU_XX
1069_IEO_FEA_LO,1069_IEO_NEU_XX
1014_IWW_FEA_XX,1014_IWW_NEU_XX
1026_IWL_FEA_XX,1026_IWL_NEU_XX
1056_WSI_FEA_XX,1056_WSI_NEU_XX
1057_IOM_FEA_XX,1057_IOM_NEU_XX
1069_TAI_FEA_XX,1069_TAI_NEU_XX
1051_TIE_FEA_XX,1051_TIE_NEU_XX
1075_MTI_FEA_XX,1075_MTI_NEU_XX
1063_IWW_FEA_XX,1063_IWW_NEU_XX
1042_IEO_FEA_MD,1042_IEO_NEU_XX
1041_IOM_FEA_XX,1041_IOM_NEU_XX
1047_IWW_FEA_XX,1047_IWW_NEU_XX
1035_TIE_FEA_XX,1035_TIE_NEU_XX
1059_MTI_FEA_XX,1059_MTI_NEU_XX
1026_IEO_FEA_MD,1026_IEO_NEU_XX
1053_TAI_FEA_XX,1053_TAI_NEU_XX
1065_IWL_FEA_XX,1065_IWL_NEU_XX
1071_ITH_FEA_XX,1071_ITH_NEU_XX
1081_IEO_FEA_HI,1081_IEO_NEU_XX
1067_IOM_FEA_XX,1067_IOM_NEU_XX
1061_TIE_FEA_XX,1061_TIE_NEU_XX
1073_IWW_FEA_XX,1073_IWW_NEU_XX
1052_IEO_FEA_MD,1052_IEO_NEU_XX
1025_IEO_FEA_HI,1025_IEO_NEU_XX
1077_IEO_FEA_LO,1077_IEO_NEU_XX
1007_IWW_FEA_XX,1007_IWW_NEU_XX
1027_IWL_FEA_XX,1027_IWL_NEU_XX
1051_TSI_FEA_XX,1051_TSI_NEU_XX
1033_ITH_FEA_XX,1033_ITH_NEU_XX
1091_IWW_FEA_XX,1091_IWW_NEU_XX
1079_TIE_FEA_XX,1079_TIE_NEU_XX
1045_ITS_FEA_XX,1045_ITS_NEU_XX
1085_IOM_FEA_XX,1085_IOM_NEU_XX
1070_IEO_FEA_LO,1070_IEO_NEU_XX
1039_DFA_FEA_XX,1039_DFA_NEU_XX
1057_WSI_FEA_XX,1057_WSI_NEU_XX
1070_TAI_FEA_XX,1070_TAI_NEU_XX
1052_TIE_FEA_XX,1052_TIE_NEU_XX
1058_IOM_FEA_XX,1058_IOM_NEU_XX
1064_IWW_FEA_XX,1064_IWW_NEU_XX
1043_IEO_FEA_MD,1043_IEO_NEU_XX
1076_MTI_FEA_XX,1076_MTI_NEU_XX
1004_IEO_FEA_LO,1004_IEO_NEU_XX
1007_TIE_FEA_XX,1007_TIE_NEU_XX
1013_TAI_FEA_XX,1013_TAI_NEU_XX
1077_IOM_FEA_XX,1077_IOM_NEU_XX
1062_IEO_FEA_LO,1062_IEO_NEU_XX
1037_ITS_FEA_XX,1037_ITS_NEU_XX
1043_TSI_FEA_XX,1043_TSI_NEU_XX
1025_ITH_FEA_XX,1025_ITH_NEU_XX
1019_MTI_FEA_XX,1019_MTI_NEU_XX
1031_DFA_FEA_XX,1031_DFA_NEU_XX
1049_WSI_FEA_XX,1049_WSI_NEU_XX
1089_TAI_FEA_XX,1089_TAI_NEU_XX
1083_IWW_FEA_XX,1083_IWW_NEU_XX
1062_TAI_FEA_XX,1062_TAI_NEU_XX
1074_IWL_FEA_XX,1074_IWL_NEU_XX
1044_TIE_FEA_XX,1044_TIE_NEU_XX
1035_IEO_FEA_MD,1035_IEO_NEU_XX
1068_MTI_FEA_XX,1068_MTI_NEU_XX
1014_IEO_FEA_HI,1014_IEO_NEU_XX
1056_IWW_FEA_XX,1056_IWW_NEU_XX
1050_IOM_FEA_XX,1050_IOM_NEU_XX
1016_IOM_FEA_XX,1016_IOM_NEU_XX
1010_TIE_FEA_XX,1010_TIE_NEU_XX
1079_ITS_FEA_XX,1079_ITS_NEU_XX
1091_WSI_FEA_XX,1091_WSI_NEU_XX
1085_TSI_FEA_XX,1085_TSI_NEU_XX
1022_TAI_FEA_XX,1022_TAI_NEU_XX
1001_IOM_FEA_XX,1001_IOM_NEU_XX
1077_IEO_FEA_MD,1077_IEO_NEU_XX
1046_DFA_FEA_XX,1046_DFA_NEU_XX
1064_WSI_FEA_XX,1064_WSI_NEU_XX
1052_ITS_FEA_XX,1052_ITS_NEU_XX
1040_ITH_FEA_XX,1040_ITH_NEU_XX
1058_TSI_FEA_XX,1058_TSI_NEU_XX
1086_TIE_FEA_XX,1086_TIE_NEU_XX
1028_MTI_FEA_XX,1028_MTI_NEU_XX
1034_IWL_FEA_XX,1034_IWL_NEU_XX
1065_IOM_FEA_XX,1065_IOM_NEU_XX
1050_IEO_FEA_MD,1050_IEO_NEU_XX
1023_IEO_FEA_HI,1023_IEO_NEU_XX
1071_IWW_FEA_XX,1071_IWW_NEU_XX
1059_TIE_FEA_XX,1059_TIE_NEU_XX
1013_IWL_FEA_XX,1013_IWL_NEU_XX
1019_DFA_FEA_XX,1019_DFA_NEU_XX
1025_ITS_FEA_XX,1025_ITS_NEU_XX
1077_TAI_FEA_XX,1077_TAI_NEU_XX
1023_IEO_FEA_MD,1023_IEO_NEU_XX
1083_MTI_FEA_XX,1083_MTI_NEU_XX
1050_IEO_FEA_LO,1050_IEO_NEU_XX
1089_IWL_FEA_XX,1089_IWL_NEU_XX
1031_TSI_FEA_XX,1031_TSI_NEU_XX
1037_WSI_FEA_XX,1037_WSI_NEU_XX
1068_ITH_FEA_XX,1068_ITH_NEU_XX
1044_IWW_FEA_XX,1044_IWW_NEU_XX
1038_IOM_FEA_XX,1038_IOM_NEU_XX
1050_TAI_FEA_XX,1050_TAI_NEU_XX
1032_TIE_FEA_XX,1032_TIE_NEU_XX
1062_IWL_FEA_XX,1062_IWL_NEU_XX
1074_DFA_FEA_XX,1074_DFA_NEU_XX
1056_MTI_FEA_XX,1056_MTI_NEU_XX
1041_IWW_FEA_XX,1041_IWW_NEU_XX
1065_ITH_FEA_XX,1065_ITH_NEU_XX
1071_DFA_FEA_XX,1071_DFA_NEU_XX
1053_MTI_FEA_XX,1053_MTI_NEU_XX
1029_TIE_FEA_XX,1029_TIE_NEU_XX
1047_TAI_FEA_XX,1047_TAI_NEU_XX
1035_IOM_FEA_XX,1035_IOM_NEU_XX
1059_IWL_FEA_XX,1059_IWL_NEU_XX
1075_IEO_FEA_MD,1075_IEO_NEU_XX
1048_IEO_FEA_HI,1048_IEO_NEU_XX
1011_WSI_FEA_XX,1011_WSI_NEU_XX
1005_DFA_FEA_XX,1005_DFA_NEU_XX
1078_IEO_FEA_HI,1078_IEO_NEU_XX
1002_ITH_FEA_XX,1002_ITH_NEU_XX
1051_IEO_FEA_HI,1051_IEO_NEU_XX
1014_WSI_FEA_XX,1014_WSI_NEU_XX
1008_DFA_FEA_XX,1008_DFA_NEU_XX
1063_IEO_FEA_MD,1063_IEO_NEU_XX
1072_TIE_FEA_XX,1072_TIE_NEU_XX
1036_IEO_FEA_HI,1036_IEO_NEU_XX
1012_IEO_FEA_LO,1012_IEO_NEU_XX
1005_TSI_FEA_XX,1005_TSI_NEU_XX
1088_IEO_FEA_LO,1088_IEO_NEU_XX
1006_TIE_FEA_XX,1006_TIE_NEU_XX
1012_TAI_FEA_XX,1012_TAI_NEU_XX
1018_MTI_FEA_XX,1018_MTI_NEU_XX
1003_IOM_FEA_XX,1003_IOM_NEU_XX
1015_IWL_FEA_XX,1015_IWL_NEU_XX
1079_IEO_FEA_LO,1079_IEO_NEU_XX
1021_DFA_FEA_XX,1021_DFA_NEU_XX
1027_ITS_FEA_XX,1027_ITS_NEU_XX
1009_TAI_FEA_XX,1009_TAI_NEU_XX
1091_IWL_FEA_XX,1091_IWL_NEU_XX
1079_TAI_FEA_XX,1079_TAI_NEU_XX
1052_IEO_FEA_LO,1052_IEO_NEU_XX
1039_WSI_FEA_XX,1039_WSI_NEU_XX
1033_TSI_FEA_XX,1033_TSI_NEU_XX
1085_MTI_FEA_XX,1085_MTI_NEU_XX
1025_IEO_FEA_MD,1025_IEO_NEU_XX
1046_IWW_FEA_XX,1046_IWW_NEU_XX
1070_ITH_FEA_XX,1070_ITH_NEU_XX
1064_IWL_FEA_XX,1064_IWL_NEU_XX
1076_DFA_FEA_XX,1076_DFA_NEU_XX
1040_IOM_FEA_XX,1040_IOM_NEU_XX
1052_TAI_FEA_XX,1052_TAI_NEU_XX
1034_TIE_FEA_XX,1034_TIE_NEU_XX
1058_MTI_FEA_XX,1058_MTI_NEU_XX
1034_IEO_FEA_HI,1034_IEO_NEU_XX
1003_TSI_FEA_XX,1003_TSI_NEU_XX
1010_IEO_FEA_LO,1010_IEO_NEU_XX
1016_MTI_FEA_XX,1016_MTI_NEU_XX
1004_TIE_FEA_XX,1004_TIE_NEU_XX
1022_ITH_FEA_XX,1022_ITH_NEU_XX
1086_IEO_FEA_LO,1086_IEO_NEU_XX
1010_TAI_FEA_XX,1010_TAI_NEU_XX
1080_IWW_FEA_XX,1080_IWW_NEU_XX
1040_TSI_FEA_XX,1040_TSI_NEU_XX
1001_MTI_FEA_XX,1001_MTI_NEU_XX
1046_WSI_FEA_XX,1046_WSI_NEU_XX
1086_TAI_FEA_XX,1086_TAI_NEU_XX
1028_DFA_FEA_XX,1028_DFA_NEU_XX
1059_IEO_FEA_LO,1059_IEO_NEU_XX
1034_ITS_FEA_XX,1034_ITS_NEU_XX
1012_DFA_FEA_XX,1012_DFA_NEU_XX
1018_ITS_FEA_XX,1018_ITS_NEU_XX
1024_WSI_FEA_XX,1024_WSI_NEU_XX
1037_IEO_FEA_LO,1037_IEO_NEU_XX
1088_DFA_FEA_XX,1088_DFA_NEU_XX
1082_ITH_FEA_XX,1082_ITH_NEU_XX
1080_IEO_FEA_HI,1080_IEO_NEU_XX
1053_IEO_FEA_HI,1053_IEO_NEU_XX
1023_IEO_FEA_LO,1023_IEO_NEU_XX
1016_WSI_FEA_XX,1016_WSI_NEU_XX
1010_TSI_FEA_XX,1010_TSI_NEU_XX
1080_ITS_FEA_XX,1080_ITS_NEU_XX
1004_ITH_FEA_XX,1004_ITH_NEU_XX
1086_TSI_FEA_XX,1086_TSI_NEU_XX
1001_WSI_FEA_XX,1001_WSI_NEU_XX
1002_MTI_FEA_XX,1002_MTI_NEU_XX
1063_IEO_FEA_HI,1063_IEO_NEU_XX
1020_WSI_FEA_XX,1020_WSI_NEU_XX
1008_IWL_FEA_XX,1008_IWL_NEU_XX
1014_ITS_FEA_XX,1014_ITS_NEU_XX
1084_DFA_FEA_XX,1084_DFA_NEU_XX
1078_ITH_FEA_XX,1078_ITH_NEU_XX
1090_ITS_FEA_XX,1090_ITS_NEU_XX
1033_IEO_FEA_LO,1033_IEO_NEU_XX
1075_WSI_FEA_XX,1075_WSI_NEU_XX
1033_TAI_FEA_XX,1033_TAI_NEU_XX
1063_ITS_FEA_XX,1063_ITS_NEU_XX
1051_ITH_FEA_XX,1051_ITH_NEU_XX
1027_IWW_FEA_XX,1027_IWW_NEU_XX
1039_MTI_FEA_XX,1039_MTI_NEU_XX
1045_IWL_FEA_XX,1045_IWL_NEU_XX
1021_IOM_FEA_XX,1021_IOM_NEU_XX
1057_DFA_FEA_XX,1057_DFA_NEU_XX
1069_TSI_FEA_XX,1069_TSI_NEU_XX
1088_IEO_FEA_MD,1088_IEO_NEU_XX
1012_IEO_FEA_MD,1012_IEO_NEU_XX
1039_IEO_FEA_HI,1039_IEO_NEU_XX
1002_ITS_FEA_XX,1002_ITS_NEU_XX
1015_IEO_FEA_LO,1015_IEO_NEU_XX
1008_TSI_FEA_XX,1008_TSI_NEU_XX
1047_IEO_FEA_HI,1047_IEO_NEU_XX
1004_DFA_FEA_XX,1004_DFA_NEU_XX
1010_WSI_FEA_XX,1010_WSI_NEU_XX
1080_TSI_FEA_XX,1080_TSI_NEU_XX
1086_WSI_FEA_XX,1086_WSI_NEU_XX
1008_IEO_FEA_MD,1008_IEO_NEU_XX
1023_MTI_FEA_XX,1023_MTI_NEU_XX
1072_IEO_FEA_LO,1072_IEO_NEU_XX
1047_ITS_FEA_XX,1047_ITS_NEU_XX
1041_DFA_FEA_XX,1041_DFA_NEU_XX
1035_ITH_FEA_XX,1035_ITH_NEU_XX
1059_WSI_FEA_XX,1059_WSI_NEU_XX
1017_IWW_FEA_XX,1017_IWW_NEU_XX
1087_IOM_FEA_XX,1087_IOM_NEU_XX
1011_IOM_FEA_XX,1011_IOM_NEU_XX
1081_TIE_FEA_XX,1081_TIE_NEU_XX
1029_IWL_FEA_XX,1029_IWL_NEU_XX
1053_TSI_FEA_XX,1053_TSI_NEU_XX
1066_IWW_FEA_XX,1066_IWW_NEU_XX
1045_IEO_FEA_MD,1045_IEO_NEU_XX
1060_IOM_FEA_XX,1060_IOM_NEU_XX
1054_TIE_FEA_XX,1054_TIE_NEU_XX
1072_TAI_FEA_XX,1072_TAI_NEU_XX
1011_IWL_FEA_XX,1011_IWL_NEU_XX
1017_ITH_FEA_XX,1017_ITH_NEU_XX
1005_IWW_FEA_XX,1005_IWW_NEU_XX
1070_IEO_FEA_MD,1070_IEO_NEU_XX
1040_IEO_FEA_HI,1040_IEO_NEU_XX
1003_ITS_FEA_XX,1003_ITS_NEU_XX
1003_TAI_FEA_XX,1003_TAI_NEU_XX
1070_IEO_FEA_HI,1070_IEO_NEU_XX
1021_TSI_FEA_XX,1021_TSI_NEU_XX
1027_WSI_FEA_XX,1027_WSI_NEU_XX
1091_DFA_FEA_XX,1091_DFA_NEU_XX
1085_ITH_FEA_XX,1085_ITH_NEU_XX
1009_ITH_FEA_XX,1009_ITH_NEU_XX
1015_DFA_FEA_XX,1015_DFA_NEU_XX
1040_IEO_FEA_LO,1040_IEO_NEU_XX
1079_IWL_FEA_XX,1079_IWL_NEU_XX
1052_IWL_FEA_XX,1052_IWL_NEU_XX
1019_IEO_FEA_MD,1019_IEO_NEU_XX
1058_ITH_FEA_XX,1058_ITH_NEU_XX
1046_MTI_FEA_XX,1046_MTI_NEU_XX
1064_DFA_FEA_XX,1064_DFA_NEU_XX
1070_ITS_FEA_XX,1070_ITS_NEU_XX
1004_IEO_FEA_HI,1004_IEO_NEU_XX
1028_IOM_FEA_XX,1028_IOM_NEU_XX
1040_TAI_FEA_XX,1040_TAI_NEU_XX
1022_TIE_FEA_XX,1022_TIE_NEU_XX
1034_IWW_FEA_XX,1034_IWW_NEU_XX
1016_IEO_FEA_MD,1016_IEO_NEU_XX
1017_TAI_FEA_XX,1017_TAI_NEU_XX
1023_IWL_FEA_XX,1023_IWL_NEU_XX
1047_TSI_FEA_XX,1047_TSI_NEU_XX
1041_ITS_FEA_XX,1041_ITS_NEU_XX
1029_ITH_FEA_XX,1029_ITH_NEU_XX
1087_IWW_FEA_XX,1087_IWW_NEU_XX
1081_IOM_FEA_XX,1081_IOM_NEU_XX
1035_DFA_FEA_XX,1035_DFA_NEU_XX
1066_IEO_FEA_LO,1066_IEO_NEU_XX
1053_WSI_FEA_XX,1053_WSI_NEU_XX
1021_IEO_FEA_HI,1021_IEO_NEU_XX
1068_IEO_FEA_HI,1068_IEO_NEU_XX
1007_MTI_FEA_XX,1007_MTI_NEU_XX
1019_TSI_FEA_XX,1019_TSI_NEU_XX
1083_ITH_FEA_XX,1083_ITH_NEU_XX
1025_WSI_FEA_XX,1025_WSI_NEU_XX
1077_IWL_FEA_XX,1077_IWL_NEU_XX
1089_DFA_FEA_XX,1089_DFA_NEU_XX
1013_DFA_FEA_XX,1013_DFA_NEU_XX
1038_IEO_FEA_LO,1038_IEO_NEU_XX
1044_MTI_FEA_XX,1044_MTI_NEU_XX
1068_ITS_FEA_XX,1068_ITS_NEU_XX
1050_IWL_FEA_XX,1050_IWL_NEU_XX
1020_TIE_FEA_XX,1020_TIE_NEU_XX
1056_ITH_FEA_XX,1056_ITH_NEU_XX
1032_IWW_FEA_XX,1032_IWW_NEU_XX
1074_TSI_FEA_XX,1074_TSI_NEU_XX
1026_IOM_FEA_XX,1026_IOM_NEU_XX
1002_IEO_FEA_MD,1002_IEO_NEU_XX
1038_TAI_FEA_XX,1038_TAI_NEU_XX
1017_IEO_FEA_MD,1017_IEO_NEU_XX
1062_DFA_FEA_XX,1062_DFA_NEU_XX
1021_IEO_FEA_LO,1021_IEO_NEU_XX
1090_WSI_FEA_XX,1090_WSI_NEU_XX
1078_ITS_FEA_XX,1078_ITS_NEU_XX
1084_TSI_FEA_XX,1084_TSI_NEU_XX
1076_IEO_FEA_LO,1076_IEO_NEU_XX
1027_MTI_FEA_XX,1027_MTI_NEU_XX
1015_IOM_FEA_XX,1015_IOM_NEU_XX
1045_DFA_FEA_XX,1045_DFA_NEU_XX
1063_WSI_FEA_XX,1063_WSI_NEU_XX
1051_ITS_FEA_XX,1051_ITS_NEU_XX
1033_IWL_FEA_XX,1033_IWL_NEU_XX
1057_TSI_FEA_XX,1057_TSI_NEU_XX
1085_TIE_FEA_XX,1085_TIE_NEU_XX
1039_ITH_FEA_XX,1039_ITH_NEU_XX
1021_TAI_FEA_XX,1021_TAI_NEU_XX
1091_IOM_FEA_XX,1091_IOM_NEU_XX
1076_TAI_FEA_XX,1076_TAI_NEU_XX
1058_TIE_FEA_XX,1058_TIE_NEU_XX
1070_IWW_FEA_XX,1070_IWW_NEU_XX
1049_IEO_FEA_MD,1049_IEO_NEU_XX
1064_IOM_FEA_XX,1064_IOM_NEU_XX
1017_IEO_FEA_HI,1017_IEO_NEU_XX
1002_IEO_FEA_HI,1002_IEO_NEU_XX
1056_IWL_FEA_XX,1056_IWL_NEU_XX
1026_TIE_FEA_XX,1026_TIE_NEU_XX
1050_MTI_FEA_XX,1050_MTI_NEU_XX
1032_IOM_FEA_XX,1032_IOM_NEU_XX
1062_ITH_FEA_XX,1062_ITH_NEU_XX
1038_IWW_FEA_XX,1038_IWW_NEU_XX
1068_DFA_FEA_XX,1068_DFA_NEU_XX
1008_IEO_FEA_HI,1008_IEO_NEU_XX
1044_TAI_FEA_XX,1044_TAI_NEU_XX
1074_ITS_FEA_XX,1074_ITS_NEU_XX
1072_IEO_FEA_MD,1072_IEO_NEU_XX
1002_DFA_FEA_XX,1002_DFA_NEU_XX
1045_IEO_FEA_HI,1045_IEO_NEU_XX
1008_ITS_FEA_XX,1008_ITS_NEU_XX
1087_TAI_FEA_XX,1087_TAI_NEU_XX
1023_ITH_FEA_XX,1023_ITH_NEU_XX
1047_WSI_FEA_XX,1047_WSI_NEU_XX
1060_IEO_FEA_LO,1060_IEO_NEU_XX
1035_ITS_FEA_XX,1035_ITS_NEU_XX
1081_IWW_FEA_XX,1081_IWW_NEU_XX
1029_DFA_FEA_XX,1029_DFA_NEU_XX
1041_TSI_FEA_XX,1041_TSI_NEU_XX
1048_IOM_FEA_XX,1048_IOM_NEU_XX
1012_IEO_FEA_HI,1012_IEO_NEU_XX
1054_IWW_FEA_XX,1054_IWW_NEU_XX
1042_TIE_FEA_XX,1042_TIE_NEU_XX
1033_IEO_FEA_MD,1033_IEO_NEU_XX
1072_IWL_FEA_XX,1072_IWL_NEU_XX
1060_TAI_FEA_XX,1060_TAI_NEU_XX
1066_MTI_FEA_XX,1066_MTI_NEU_XX
1088_IEO_FEA_HI,1088_IEO_NEU_XX
1013_TSI_FEA_XX,1013_TSI_NEU_XX
1056_IEO_FEA_HI,1056_IEO_NEU_XX
1007_ITH_FEA_XX,1007_ITH_NEU_XX
1008_TAI_FEA_XX,1008_TAI_NEU_XX
1075_IEO_FEA_HI,1075_IEO_NEU_XX
1014_ITH_FEA_XX,1014_ITH_NEU_XX
1002_IWW_FEA_XX,1002_IWW_NEU_XX
1032_WSI_FEA_XX,1032_WSI_NEU_XX
1020_ITS_FEA_XX,1020_ITS_NEU_XX
1084_IWL_FEA_XX,1084_IWL_NEU_XX
1090_ITH_FEA_XX,1090_ITH_NEU_XX
1045_IEO_FEA_LO,1045_IEO_NEU_XX
1078_MTI_FEA_XX,1078_MTI_NEU_XX
1026_TSI_FEA_XX,1026_TSI_NEU_XX
1057_IWL_FEA_XX,1057_IWL_NEU_XX
1063_ITH_FEA_XX,1063_ITH_NEU_XX
1045_TAI_FEA_XX,1045_TAI_NEU_XX
1033_IOM_FEA_XX,1033_IOM_NEU_XX
1027_TIE_FEA_XX,1027_TIE_NEU_XX
1069_DFA_FEA_XX,1069_DFA_NEU_XX
1051_MTI_FEA_XX,1051_MTI_NEU_XX
1039_IWW_FEA_XX,1039_IWW_NEU_XX
1075_ITS_FEA_XX,1075_ITS_NEU_XX
1004_TAI_FEA_XX,1004_TAI_NEU_XX
1010_ITH_FEA_XX,1010_ITH_NEU_XX
1071_IEO_FEA_HI,1071_IEO_NEU_XX
1016_DFA_FEA_XX,1016_DFA_NEU_XX
1086_ITH_FEA_XX,1086_ITH_NEU_XX
1028_WSI_FEA_XX,1028_WSI_NEU_XX
1022_TSI_FEA_XX,1022_TSI_NEU_XX
1041_IEO_FEA_LO,1041_IEO_NEU_XX
1080_IWL_FEA_XX,1080_IWL_NEU_XX
1001_DFA_FEA_XX,1001_DFA_NEU_XX
1041_TAI_FEA_XX,1041_TAI_NEU_XX
1059_ITH_FEA_XX,1059_ITH_NEU_XX
1029_IOM_FEA_XX,1029_IOM_NEU_XX
1047_MTI_FEA_XX,1047_MTI_NEU_XX
1071_ITS_FEA_XX,1071_ITS_NEU_XX
1023_TIE_FEA_XX,1023_TIE_NEU_XX
1065_DFA_FEA_XX,1065_DFA_NEU_XX
1053_IWL_FEA_XX,1053_IWL_NEU_XX
1035_IWW_FEA_XX,1035_IWW_NEU_XX
1005_IEO_FEA_HI,1005_IEO_NEU_XX
1077_IEO_FEA_HI,1077_IEO_NEU_XX
1007_DFA_FEA_XX,1007_DFA_NEU_XX
1013_WSI_FEA_XX,1013_WSI_NEU_XX
1050_IEO_FEA_HI,1050_IEO_NEU_XX
1020_IEO_FEA_LO,1020_IEO_NEU_XX
1089_WSI_FEA_XX,1089_WSI_NEU_XX
1083_TSI_FEA_XX,1083_TSI_NEU_XX
1077_ITS_FEA_XX,1077_ITS_NEU_XX
1014_IOM_FEA_XX,1014_IOM_NEU_XX
1020_TAI_FEA_XX,1020_TAI_NEU_XX
1068_IOM_FEA_XX,1068_IOM_NEU_XX
1062_TIE_FEA_XX,1062_TIE_NEU_XX
1053_IEO_FEA_MD,1053_IEO_NEU_XX
1074_IWW_FEA_XX,1074_IWW_NEU_XX
1026_IEO_FEA_HI,1026_IEO_NEU_XX
1014_IWL_FEA_XX,1014_IWL_NEU_XX
1002_IOM_FEA_XX,1002_IOM_NEU_XX
1008_IWW_FEA_XX,1008_IWW_NEU_XX
1078_IEO_FEA_LO,1078_IEO_NEU_XX
1006_ITH_FEA_XX,1006_ITH_NEU_XX
1055_IEO_FEA_HI,1055_IEO_NEU_XX
1012_TSI_FEA_XX,1012_TSI_NEU_XX
1018_WSI_FEA_XX,1018_WSI_NEU_XX
1002_TSI_FEA_XX,1002_TSI_NEU_XX
1033_IEO_FEA_HI,1033_IEO_NEU_XX
1085_IEO_FEA_LO,1085_IEO_NEU_XX
1052_IEO_FEA_HI,1052_IEO_NEU_XX
1015_WSI_FEA_XX,1015_WSI_NEU_XX
1009_TSI_FEA_XX,1009_TSI_NEU_XX
1003_ITH_FEA_XX,1003_ITH_NEU_XX
1022_IEO_FEA_LO,1022_IEO_NEU_XX
1059_TAI_FEA_XX,1059_TAI_NEU_XX
1053_IWW_FEA_XX,1053_IWW_NEU_XX
1041_TIE_FEA_XX,1041_TIE_NEU_XX
1047_IOM_FEA_XX,1047_IOM_NEU_XX
1071_IWL_FEA_XX,1071_IWL_NEU_XX
1065_MTI_FEA_XX,1065_MTI_NEU_XX
1032_IEO_FEA_MD,1032_IEO_NEU_XX
1011_TIE_FEA_XX,1011_TIE_NEU_XX
1017_IOM_FEA_XX,1017_IOM_NEU_XX
1041_ITH_FEA_XX,1041_ITH_NEU_XX
1065_WSI_FEA_XX,1065_WSI_NEU_XX
1087_TIE_FEA_XX,1087_TIE_NEU_XX
1059_TSI_FEA_XX,1059_TSI_NEU_XX
1078_IEO_FEA_MD,1078_IEO_NEU_XX
1053_ITS_FEA_XX,1053_ITS_NEU_XX
1047_DFA_FEA_XX,1047_DFA_NEU_XX
1023_TAI_FEA_XX,1023_TAI_NEU_XX
1029_MTI_FEA_XX,1029_MTI_NEU_XX
1035_IWL_FEA_XX,1035_IWL_NEU_XX
1049_MTI_FEA_XX,1049_MTI_NEU_XX
1043_TAI_FEA_XX,1043_TAI_NEU_XX
1007_IEO_FEA_HI,1007_IEO_NEU_XX
1067_DFA_FEA_XX,1067_DFA_NEU_XX
1073_ITS_FEA_XX,1073_ITS_NEU_XX
1055_IWL_FEA_XX,1055_IWL_NEU_XX
1037_IWW_FEA_XX,1037_IWW_NEU_XX
1025_TIE_FEA_XX,1025_TIE_NEU_XX
1061_ITH_FEA_XX,1061_ITH_NEU_XX
1031_IOM_FEA_XX,1031_IOM_NEU_XX
1071_IEO_FEA_MD,1071_IEO_NEU_XX
1044_IEO_FEA_HI,1044_IEO_NEU_XX
1087_WSI_FEA_XX,1087_WSI_NEU_XX
1081_TSI_FEA_XX,1081_TSI_NEU_XX
1012_IOM_FEA_XX,1012_IOM_NEU_XX
1018_IWW_FEA_XX,1018_IWW_NEU_XX
1088_IOM_FEA_XX,1088_IOM_NEU_XX
1054_TSI_FEA_XX,1054_TSI_NEU_XX
1082_TIE_FEA_XX,1082_TIE_NEU_XX
1024_MTI_FEA_XX,1024_MTI_NEU_XX
1030_IWL_FEA_XX,1030_IWL_NEU_XX
1060_WSI_FEA_XX,1060_WSI_NEU_XX
1048_ITS_FEA_XX,1048_ITS_NEU_XX
1042_DFA_FEA_XX,1042_DFA_NEU_XX
1073_IEO_FEA_LO,1073_IEO_NEU_XX
1036_ITH_FEA_XX,1036_ITH_NEU_XX
1067_IWW_FEA_XX,1067_IWW_NEU_XX
1061_IOM_FEA_XX,1061_IOM_NEU_XX
1055_TIE_FEA_XX,1055_TIE_NEU_XX
1073_TAI_FEA_XX,1073_TAI_NEU_XX
1046_IEO_FEA_MD,1046_IEO_NEU_XX
1031_WSI_FEA_XX,1031_WSI_NEU_XX
1077_MTI_FEA_XX,1077_MTI_NEU_XX
1025_TSI_FEA_XX,1025_TSI_NEU_XX
1089_ITH_FEA_XX,1089_ITH_NEU_XX
1083_IWL_FEA_XX,1083_IWL_NEU_XX
1044_IEO_FEA_LO,1044_IEO_NEU_XX
1075_TIE_FEA_XX,1075_TIE_NEU_XX
1066_IEO_FEA_MD,1066_IEO_NEU_XX
1022_IEO_FEA_HI,1022_IEO_NEU_XX
1035_IEO_FEA_HI,1035_IEO_NEU_XX
1004_TSI_FEA_XX,1004_TSI_NEU_XX
1011_IEO_FEA_LO,1011_IEO_NEU_XX
1038_ITS_FEA_XX,1038_ITS_NEU_XX
1044_TSI_FEA_XX,1044_TSI_NEU_XX
1026_ITH_FEA_XX,1026_ITH_NEU_XX
1050_WSI_FEA_XX,1050_WSI_NEU_XX
1084_IWW_FEA_XX,1084_IWW_NEU_XX
1078_IOM_FEA_XX,1078_IOM_NEU_XX
1063_IEO_FEA_LO,1063_IEO_NEU_XX
1090_TAI_FEA_XX,1090_TAI_NEU_XX
1032_DFA_FEA_XX,1032_DFA_NEU_XX
1057_IWW_FEA_XX,1057_IWW_NEU_XX
1015_IEO_FEA_HI,1015_IEO_NEU_XX
1051_IOM_FEA_XX,1051_IOM_NEU_XX
1036_IEO_FEA_MD,1036_IEO_NEU_XX
1069_MTI_FEA_XX,1069_MTI_NEU_XX
1075_IWL_FEA_XX,1075_IWL_NEU_XX
1063_TAI_FEA_XX,1063_TAI_NEU_XX
1045_TIE_FEA_XX,1045_TIE_NEU_XX
1091_IEO_FEA_HI,1091_IEO_NEU_XX
1074_IEO_FEA_MD,1074_IEO_NEU_XX
1027_IEO_FEA_HI,1027_IEO_NEU_XX
1002_WSI_FEA_XX,1002_WSI_NEU_XX
1009_IEO_FEA_LO,1009_IEO_NEU_XX
1083_IEO_FEA_HI,1083_IEO_NEU_XX
1020_IOM_FEA_XX,1020_IOM_NEU_XX
1026_IWW_FEA_XX,1026_IWW_NEU_XX
1001_IEO_FEA_HI,1001_IEO_NEU_XX
1012_TIE_FEA_XX,1012_TIE_NEU_XX
1009_IEO_FEA_MD,1009_IEO_NEU_XX
1087_TSI_FEA_XX,1087_TSI_NEU_XX
1081_ITS_FEA_XX,1081_ITS_NEU_XX
1018_IOM_FEA_XX,1018_IOM_NEU_XX
1024_IEO_FEA_LO,1024_IEO_NEU_XX
1079_IEO_FEA_MD,1079_IEO_NEU_XX
1042_ITH_FEA_XX,1042_ITH_NEU_XX
1054_ITS_FEA_XX,1054_ITS_NEU_XX
1048_DFA_FEA_XX,1048_DFA_NEU_XX
1060_TSI_FEA_XX,1060_TSI_NEU_XX
1088_TIE_FEA_XX,1088_TIE_NEU_XX
1024_TAI_FEA_XX,1024_TAI_NEU_XX
1030_MTI_FEA_XX,1030_MTI_NEU_XX
1036_IWL_FEA_XX,1036_IWL_NEU_XX
1066_WSI_FEA_XX,1066_WSI_NEU_XX
1016_ITH_FEA_XX,1016_ITH_NEU_XX
1004_IWW_FEA_XX,1004_IWW_NEU_XX
1010_IWL_FEA_XX,1010_IWL_NEU_XX
1047_IEO_FEA_LO,1047_IEO_NEU_XX
1080_MTI_FEA_XX,1080_MTI_NEU_XX
1022_ITS_FEA_XX,1022_ITS_NEU_XX
1086_IWL_FEA_XX,1086_IWL_NEU_XX
1001_ITH_FEA_XX,1001_ITH_NEU_XX
1034_WSI_FEA_XX,1034_WSI_NEU_XX
1028_TSI_FEA_XX,1028_TSI_NEU_XX
1003_IEO_FEA_LO,1003_IEO_NEU_XX
1049_IWL_FEA_XX,1049_IWL_NEU_XX
1043_MTI_FEA_XX,1043_MTI_NEU_XX
1031_IWW_FEA_XX,1031_IWW_NEU_XX
1073_TSI_FEA_XX,1073_TSI_NEU_XX
1061_DFA_FEA_XX,1061_DFA_NEU_XX
1037_TAI_FEA_XX,1037_TAI_NEU_XX
1025_IOM_FEA_XX,1025_IOM_NEU_XX
1067_ITS_FEA_XX,1067_ITS_NEU_XX
1001_IEO_FEA_MD,1001_IEO_NEU_XX
1055_ITH_FEA_XX,1055_ITH_NEU_XX
1074_TIE_FEA_XX,1074_TIE_NEU_XX
1065_IEO_FEA_MD,1065_IEO_NEU_XX
1062_ITS_FEA_XX,1062_ITS_NEU_XX
1044_IWL_FEA_XX,1044_IWL_NEU_XX
1056_DFA_FEA_XX,1056_DFA_NEU_XX
1074_WSI_FEA_XX,1074_WSI_NEU_XX
1068_TSI_FEA_XX,1068_TSI_NEU_XX
1050_ITH_FEA_XX,1050_ITH_NEU_XX
1032_TAI_FEA_XX,1032_TAI_NEU_XX
1087_IEO_FEA_MD,1087_IEO_NEU_XX
1038_MTI_FEA_XX,1038_MTI_NEU_XX
1075_IOM_FEA_XX,1075_IOM_NEU_XX
1069_TIE_FEA_XX,1069_TIE_NEU_XX
1060_IEO_FEA_MD,1060_IEO_NEU_XX
1038_ITH_FEA_XX,1038_ITH_NEU_XX
1032_IWL_FEA_XX,1032_IWL_NEU_XX
1090_IOM_FEA_XX,1090_IOM_NEU_XX
1056_TSI_FEA_XX,1056_TSI_NEU_XX
1062_WSI_FEA_XX,1062_WSI_NEU_XX
1075_IEO_FEA_LO,1075_IEO_NEU_XX
1084_TIE_FEA_XX,1084_TIE_NEU_XX
1026_MTI_FEA_XX,1026_MTI_NEU_XX
1044_DFA_FEA_XX,1044_DFA_NEU_XX
1050_ITS_FEA_XX,1050_ITS_NEU_XX
1069_IWW_FEA_XX,1069_IWW_NEU_XX
1048_IEO_FEA_MD,1048_IEO_NEU_XX
1075_TAI_FEA_XX,1075_TAI_NEU_XX
1057_TIE_FEA_XX,1057_TIE_NEU_XX
1063_IOM_FEA_XX,1063_IOM_NEU_XX
1006_DFA_FEA_XX,1006_DFA_NEU_XX
1049_IEO_FEA_HI,1049_IEO_NEU_XX
1012_WSI_FEA_XX,1012_WSI_NEU_XX
1024_IOM_FEA_XX,1024_IOM_NEU_XX
1060_DFA_FEA_XX,1060_DFA_NEU_XX
1072_TSI_FEA_XX,1072_TSI_NEU_XX
1091_IEO_FEA_MD,1091_IEO_NEU_XX
1054_ITH_FEA_XX,1054_ITH_NEU_XX
1030_IWW_FEA_XX,1030_IWW_NEU_XX
1042_MTI_FEA_XX,1042_MTI_NEU_XX
1048_IWL_FEA_XX,1048_IWL_NEU_XX
1036_TAI_FEA_XX,1036_TAI_NEU_XX
1066_ITS_FEA_XX,1066_ITS_NEU_XX
1015_IEO_FEA_MD,1015_IEO_NEU_XX
1082_IWW_FEA_XX,1082_IWW_NEU_XX
1061_IEO_FEA_LO,1061_IEO_NEU_XX
1036_ITS_FEA_XX,1036_ITS_NEU_XX
1024_ITH_FEA_XX,1024_ITH_NEU_XX
1042_TSI_FEA_XX,1042_TSI_NEU_XX
1048_WSI_FEA_XX,1048_WSI_NEU_XX
1030_DFA_FEA_XX,1030_DFA_NEU_XX
1088_TAI_FEA_XX,1088_TAI_NEU_XX
1078_TSI_FEA_XX,1078_TSI_NEU_XX
1006_IEO_FEA_MD,1006_IEO_NEU_XX
1084_WSI_FEA_XX,1084_WSI_NEU_XX
1002_IWL_FEA_XX,1002_IWL_NEU_XX
1008_ITH_FEA_XX,1008_ITH_NEU_XX
1057_IEO_FEA_HI,1057_IEO_NEU_XX
1014_TSI_FEA_XX,1014_TSI_NEU_XX
1019_IWW_FEA_XX,1019_IWW_NEU_XX
1082_TSI_FEA_XX,1082_TSI_NEU_XX
1013_IOM_FEA_XX,1013_IOM_NEU_XX
1088_WSI_FEA_XX,1088_WSI_NEU_XX
1049_ITS_FEA_XX,1049_ITS_NEU_XX
1055_TSI_FEA_XX,1055_TSI_NEU_XX
1037_ITH_FEA_XX,1037_ITH_NEU_XX
1061_WSI_FEA_XX,1061_WSI_NEU_XX
1083_TIE_FEA_XX,1083_TIE_NEU_XX
1025_MTI_FEA_XX,1025_MTI_NEU_XX
1043_DFA_FEA_XX,1043_DFA_NEU_XX
1089_IOM_FEA_XX,1089_IOM_NEU_XX
1074_IEO_FEA_LO,1074_IEO_NEU_XX
1031_IWL_FEA_XX,1031_IWL_NEU_XX
1073_MTI_FEA_XX,1073_MTI_NEU_XX
1019_IEO_FEA_HI,1019_IEO_NEU_XX
1055_IOM_FEA_XX,1055_IOM_NEU_XX
1049_TIE_FEA_XX,1049_TIE_NEU_XX
1067_TAI_FEA_XX,1067_TAI_NEU_XX
1061_IWW_FEA_XX,1061_IWW_NEU_XX
1040_IEO_FEA_MD,1040_IEO_NEU_XX
1019_IWL_FEA_XX,1019_IWL_NEU_XX
1087_DFA_FEA_XX,1087_DFA_NEU_XX
1036_IEO_FEA_LO,1036_IEO_NEU_XX
1081_ITH_FEA_XX,1081_ITH_NEU_XX
1063_IWL_FEA_XX,1063_IWL_NEU_XX
1045_IWW_FEA_XX,1045_IWW_NEU_XX
1069_ITH_FEA_XX,1069_ITH_NEU_XX
1024_IEO_FEA_MD,1024_IEO_NEU_XX
1033_TIE_FEA_XX,1033_TIE_NEU_XX
1039_IOM_FEA_XX,1039_IOM_NEU_XX
1075_DFA_FEA_XX,1075_DFA_NEU_XX
1051_TAI_FEA_XX,1051_TAI_NEU_XX
1057_MTI_FEA_XX,1057_MTI_NEU_XX
1009_IEO_FEA_HI,1009_IEO_NEU_XX
1079_IEO_FEA_HI,1079_IEO_NEU_XX
1009_TIE_FEA_XX,1009_TIE_NEU_XX
1021_MTI_FEA_XX,1021_MTI_NEU_XX
1015_IWW_FEA_XX,1015_IWW_NEU_XX
1073_IEO_FEA_HI,1073_IEO_NEU_XX
1006_TAI_FEA_XX,1006_TAI_NEU_XX
1043_IEO_FEA_LO,1043_IEO_NEU_XX
1030_WSI_FEA_XX,1030_WSI_NEU_XX
1088_ITH_FEA_XX,1088_ITH_NEU_XX
1024_TSI_FEA_XX,1024_TSI_NEU_XX
1082_IWL_FEA_XX,1082_IWL_NEU_XX
1012_ITH_FEA_XX,1012_ITH_NEU_XX
1018_DFA_FEA_XX,1018_DFA_NEU_XX
1054_IEO_FEA_HI,1054_IEO_NEU_XX
1017_WSI_FEA_XX,1017_WSI_NEU_XX
1011_TSI_FEA_XX,1011_TSI_NEU_XX
1005_ITH_FEA_XX,1005_ITH_NEU_XX
1090_IWL_FEA_XX,1090_IWL_NEU_XX
1084_MTI_FEA_XX,1084_MTI_NEU_XX
1032_TSI_FEA_XX,1032_TSI_NEU_XX
1051_IEO_FEA_LO,1051_IEO_NEU_XX
1038_WSI_FEA_XX,1038_WSI_NEU_XX
1020_DFA_FEA_XX,1020_DFA_NEU_XX
1078_TAI_FEA_XX,1078_TAI_NEU_XX
1026_ITS_FEA_XX,1026_ITS_NEU_XX
1020_IEO_FEA_HI,1020_IEO_NEU_XX
1008_IEO_FEA_LO,1008_IEO_NEU_XX
1005_TIE_FEA_XX,1005_TIE_NEU_XX
1017_MTI_FEA_XX,1017_MTI_NEU_XX
1011_TAI_FEA_XX,1011_TAI_NEU_XX
1060_TIE_FEA_XX,1060_TIE_NEU_XX
1051_IEO_FEA_MD,1051_IEO_NEU_XX
1072_IWW_FEA_XX,1072_IWW_NEU_XX
1066_IOM_FEA_XX,1066_IOM_NEU_XX
1024_IEO_FEA_HI,1024_IEO_NEU_XX
1012_IWL_FEA_XX,1012_IWL_NEU_XX
1006_IWW_FEA_XX,1006_IWW_NEU_XX
1005_ITS_FEA_XX,1005_ITS_NEU_XX
1018_IEO_FEA_LO,1018_IEO_NEU_XX
1042_IEO_FEA_HI,1042_IEO_NEU_XX
1003_IEO_FEA_MD,1003_IEO_NEU_XX
1018_TAI_FEA_XX,1018_TAI_NEU_XX
1012_IWW_FEA_XX,1012_IWW_NEU_XX
1081_WSI_FEA_XX,1081_WSI_NEU_XX
1054_WSI_FEA_XX,1054_WSI_NEU_XX
1088_IWW_FEA_XX,1088_IWW_NEU_XX
1067_IEO_FEA_LO,1067_IEO_NEU_XX
1042_ITS_FEA_XX,1042_ITS_NEU_XX
1030_ITH_FEA_XX,1030_ITH_NEU_XX
1082_IOM_FEA_XX,1082_IOM_NEU_XX
1024_IWL_FEA_XX,1024_IWL_NEU_XX
1048_TSI_FEA_XX,1048_TSI_NEU_XX
1036_DFA_FEA_XX,1036_DFA_NEU_XX
1087_IEO_FEA_LO,1087_IEO_NEU_XX
1020_IEO_FEA_MD,1020_IEO_NEU_XX
1038_IEO_FEA_HI,1038_IEO_NEU_XX
1007_TSI_FEA_XX,1007_TSI_NEU_XX
1014_IEO_FEA_LO,1014_IEO_NEU_XX
1077_WSI_FEA_XX,1077_WSI_NEU_XX
1020_IWL_FEA_XX,1020_IWL_NEU_XX
1008_TIE_FEA_XX,1008_TIE_NEU_XX
1090_IEO_FEA_LO,1090_IEO_NEU_XX
1014_TAI_FEA_XX,1014_TAI_NEU_XX
1086_DFA_FEA_XX,1086_DFA_NEU_XX
1080_ITH_FEA_XX,1080_ITH_NEU_XX
1014_IEO_FEA_MD,1014_IEO_NEU_XX
1016_ITS_FEA_XX,1016_ITS_NEU_XX
1035_IEO_FEA_LO,1035_IEO_NEU_XX
1022_WSI_FEA_XX,1022_WSI_NEU_XX
1001_ITS_FEA_XX,1001_ITS_NEU_XX
1029_IWW_FEA_XX,1029_IWW_NEU_XX
1035_TAI_FEA_XX,1035_TAI_NEU_XX
1053_ITH_FEA_XX,1053_ITH_NEU_XX
1090_IEO_FEA_MD,1090_IEO_NEU_XX
1023_IOM_FEA_XX,1023_IOM_NEU_XX
1059_DFA_FEA_XX,1059_DFA_NEU_XX
1047_IWL_FEA_XX,1047_IWL_NEU_XX
1071_TSI_FEA_XX,1071_TSI_NEU_XX
1065_ITS_FEA_XX,1065_ITS_NEU_XX
1041_MTI_FEA_XX,1041_MTI_NEU_XX
1003_MTI_FEA_XX,1003_MTI_NEU_XX
1009_DFA_FEA_XX,1009_DFA_NEU_XX
1064_IEO_FEA_HI,1064_IEO_NEU_XX
1015_ITS_FEA_XX,1015_ITS_NEU_XX
1068_IWW_FEA_XX,1068_IWW_NEU_XX
1062_IOM_FEA_XX,1062_IOM_NEU_XX
1074_TAI_FEA_XX,1074_TAI_NEU_XX
1047_IEO_FEA_MD,1047_IEO_NEU_XX
1056_TIE_FEA_XX,1056_TIE_NEU_XX
1069_IEO_FEA_MD,1069_IEO_NEU_XX
1006_IEO_FEA_LO,1006_IEO_NEU_XX
1067_ITH_FEA_XX,1067_ITH_NEU_XX
1061_IWL_FEA_XX,1061_IWL_NEU_XX
1049_TAI_FEA_XX,1049_TAI_NEU_XX
1043_IWW_FEA_XX,1043_IWW_NEU_XX
1031_TIE_FEA_XX,1031_TIE_NEU_XX
1037_IOM_FEA_XX,1037_IOM_NEU_XX
1073_DFA_FEA_XX,1073_DFA_NEU_XX
1055_MTI_FEA_XX,1055_MTI_NEU_XX
1090_IEO_FEA_HI,1090_IEO_NEU_XX
1024_ITS_FEA_XX,1024_ITS_NEU_XX
1049_IEO_FEA_LO,1049_IEO_NEU_XX
1088_IWL_FEA_XX,1088_IWL_NEU_XX
1036_WSI_FEA_XX,1036_WSI_NEU_XX
1018_ITH_FEA_XX,1018_ITH_NEU_XX
1082_MTI_FEA_XX,1082_MTI_NEU_XX
1030_TSI_FEA_XX,1030_TSI_NEU_XX
1022_IEO_FEA_MD,1022_IEO_NEU_XX
1066_IEO_FEA_HI,1066_IEO_NEU_XX
1017_ITS_FEA_XX,1017_ITS_NEU_XX
1005_MTI_FEA_XX,1005_MTI_NEU_XX
1011_DFA_FEA_XX,1011_DFA_NEU_XX
1023_WSI_FEA_XX,1023_WSI_NEU_XX
1025_IEO_FEA_LO,1025_IEO_NEU_XX
1082_ITS_FEA_XX,1082_ITS_NEU_XX
1088_TSI_FEA_XX,1088_TSI_NEU_XX
1013_TIE_FEA_XX,1013_TIE_NEU_XX
1061_TSI_FEA_XX,1061_TSI_NEU_XX
1043_ITH_FEA_XX,1043_ITH_NEU_XX
1037_IWL_FEA_XX,1037_IWL_NEU_XX
1019_IOM_FEA_XX,1019_IOM_NEU_XX
1055_ITS_FEA_XX,1055_ITS_NEU_XX
1031_MTI_FEA_XX,1031_MTI_NEU_XX
1067_WSI_FEA_XX,1067_WSI_NEU_XX
1089_TIE_FEA_XX,1089_TIE_NEU_XX
1080_IEO_FEA_MD,1080_IEO_NEU_XX
1025_TAI_FEA_XX,1025_TAI_NEU_XX
1049_DFA_FEA_XX,1049_DFA_NEU_XX
1065_IEO_FEA_HI,1065_IEO_NEU_XX
1004_MTI_FEA_XX,1004_MTI_NEU_XX
1010_DFA_FEA_XX,1010_DFA_NEU_XX
1078_DFA_FEA_XX,1078_DFA_NEU_XX
1027_IEO_FEA_LO,1027_IEO_NEU_XX
1090_TSI_FEA_XX,1090_TSI_NEU_XX
1084_ITS_FEA_XX,1084_ITS_NEU_XX
1032_IEO_FEA_HI,1032_IEO_NEU_XX
1007_WSI_FEA_XX,1007_WSI_NEU_XX
1019_ITS_FEA_XX,1019_ITS_NEU_XX
1013_ITH_FEA_XX,1013_ITH_NEU_XX
1007_TAI_FEA_XX,1007_TAI_NEU_XX
1061_IEO_FEA_MD,1061_IEO_NEU_XX
1076_IOM_FEA_XX,1076_IOM_NEU_XX
1070_TIE_FEA_XX,1070_TIE_NEU_XX
1007_IEO_FEA_LO,1007_IEO_NEU_XX
1074_IEO_FEA_HI,1074_IEO_NEU_XX
